Workbook

Sheet Dashboard
B1: SOC PERFORMANCE DASHBOARD
B4: Alerts by Severity | J4: Top 5 Alert Types | W4: FILTERS
V5: Click a blue cell ▼ to filter
V6: Severity | W6: All
V7: Status | W7: All
V8: Month | W8: All
V10: Alerts in view | W10: =SUM(Data!$M$2:$M$501) -> 500
B22: MTTR Trends Over Time (min) | J22: SLA Compliance (% of alerts resolved in ≤60 min)
J24: SLA Met | L24: Jan | N24: Feb | P24: Grand Total
J25: =Calc!A27 -> Yes | L25: =Calc!B27 -> 0.14079422 | N25: =Calc!C27 -> 0.16143498 | P25: =Calc!D27 -> 0.15
J26: =Calc!A28 -> No | L26: =Calc!B28 -> 0.85920578 | N26: =Calc!C28 -> 0.83856502 | P26: =Calc!D28 -> 0.85
J27: Grand Total | L27: =Calc!B29 -> 1 | N27: =Calc!C29 -> 1 | P27: =Calc!D29 -> 1
J29: Source: Data sheet (500 simulated alerts). SLA threshold is set in Calc!B2.

Sheet Calc
A1: Calculation sheet – feeds the Dashboard (do not edit formulas)
A2: SLA threshold (min) – Time to Resolve ≤ this = SLA Met | B2: 60 | C2: Input: 60-min SLA taken from the README / dashboard subtitle
A4: Severity | B4: Alerts | D4: Alert Type | E4: Alerts | F4: Rank key (count + tie-break) | H4: Rank | I4: Top 5 Alert Type | J4: Alerts
A5: Medium | B5: =COUNTIFS(Data!$C$2:$C$501,A5,Data!$M$2:$M$501,1) -> 197 | D5: Brute Force Login Attempt | E5: =COUNTIFS(Data!$B$2:$B$501,D5,Data!$M$2:$M$501,1) -> 61 | F5: =E5+(8-ROW()+5)/1000 -> 61.008 | H5: 1 | I5: =INDEX($D$5:$D$12,MATCH(LARGE($F$5:$F$12,H5),$F$5:$F$12,0)) -> Data Exfiltration Anomaly | J5: =INT(LARGE($F$5:$F$12,H5)) -> 77
A6: High | B6: =COUNTIFS(Data!$C$2:$C$501,A6,Data!$M$2:$M$501,1) -> 147 | D6: C2 Beaconing Detected | E6: =COUNTIFS(Data!$B$2:$B$501,D6,Data!$M$2:$M$501,1) -> 50 | F6: =E6+(8-ROW()+5)/1000 -> 50.007 | H6: 2 | I6: =INDEX($D$5:$D$12,MATCH(LARGE($F$5:$F$12,H6),$F$5:$F$12,0)) -> Credential Harvesting Site Access | J6: =INT(LARGE($F$5:$F$12,H6)) -> 75
A7: Low | B7: =COUNTIFS(Data!$C$2:$C$501,A7,Data!$M$2:$M$501,1) -> 109 | D7: Credential Harvesting Site Access | E7: =COUNTIFS(Data!$B$2:$B$501,D7,Data!$M$2:$M$501,1) -> 75 | F7: =E7+(8-ROW()+5)/1000 -> 75.006 | H7: 3 | I7: =INDEX($D$5:$D$12,MATCH(LARGE($F$5:$F$12,H7),$F$5:$F$12,0)) -> Suspicious Phishing Email | J7: =INT(LARGE($F$5:$F$12,H7)) -> 70
A8: Critical | B8: =COUNTIFS(Data!$C$2:$C$501,A8,Data!$M$2:$M$501,1) -> 47 | D8: Data Exfiltration Anomaly | E8: =COUNTIFS(Data!$B$2:$B$501,D8,Data!$M$2:$M$501,1) -> 77 | F8: =E8+(8-ROW()+5)/1000 -> 77.005 | H8: 4 | I8: =INDEX($D$5:$D$12,MATCH(LARGE($F$5:$F$12,H8),$F$5:$F$12,0)) -> Unusual PowerShell Execution | J8: =INT(LARGE($F$5:$F$12,H8)) -> 64
D9: Malware Download Detected | E9: =COUNTIFS(Data!$B$2:$B$501,D9,Data!$M$2:$M$501,1) -> 47 | F9: =E9+(8-ROW()+5)/1000 -> 47.004 | H9: 5 | I9: =INDEX($D$5:$D$12,MATCH(LARGE($F$5:$F$12,H9),$F$5:$F$12,0)) -> Brute Force Login Attempt | J9: =INT(LARGE($F$5:$F$12,H9)) -> 61
D10: Ransomware Activity Detected | E10: =COUNTIFS(Data!$B$2:$B$501,D10,Data!$M$2:$M$501,1) -> 56 | F10: =E10+(8-ROW()+5)/1000 -> 56.003
D11: Suspicious Phishing Email | E11: =COUNTIFS(Data!$B$2:$B$501,D11,Data!$M$2:$M$501,1) -> 70 | F11: =E11+(8-ROW()+5)/1000 -> 70.002
D12: Unusual PowerShell Execution | E12: =COUNTIFS(Data!$B$2:$B$501,D12,Data!$M$2:$M$501,1) -> 64 | F12: =E12+(8-ROW()+5)/1000 -> 64.001
A15: Month | B15: Avg Time to Triage (min) | C15: Avg Time to Resolve (min)
A16: Jan | B16: =IFERROR(AVERAGEIFS(Data!$H$2:$H$501,Data!$J$2:$J$501,A16,Data!$L$2:$L$501,1),0) -> 23.133574 | C16: =IFERROR(AVERAGEIFS(Data!$I$2:$I$501,Data!$J$2:$J$501,A16,Data!$L$2:$L$501,1),0) -> 118.74368
A17: Feb | B17: =IFERROR(AVERAGEIFS(Data!$H$2:$H$501,Data!$J$2:$J$501,A17,Data!$L$2:$L$501,1),0) -> 23.174888 | C17: =IFERROR(AVERAGEIFS(Data!$I$2:$I$501,Data!$J$2:$J$501,A17,Data!$L$2:$L$501,1),0) -> 119.83408
A21: SLA Met (counts) | B21: Jan | C21: Feb | D21: Grand Total
A22: Yes | B22: =COUNTIFS(Data!$K$2:$K$501,$A22,Data!$J$2:$J$501,B$21,Data!$L$2:$L$501,1) -> 39 | C22: =COUNTIFS(Data!$K$2:$K$501,$A22,Data!$J$2:$J$501,C$21,Data!$L$2:$L$501,1) -> 36 | D22: =B22+C22 -> 75
A23: No | B23: =COUNTIFS(Data!$K$2:$K$501,$A23,Data!$J$2:$J$501,B$21,Data!$L$2:$L$501,1) -> 238 | C23: =COUNTIFS(Data!$K$2:$K$501,$A23,Data!$J$2:$J$501,C$21,Data!$L$2:$L$501,1) -> 187 | D23: =B23+C23 -> 425
A24: Total | B24: =B22+B23 -> 277 | C24: =C22+C23 -> 223 | D24: =D22+D23 -> 500
A26: SLA Met (% of column) | B26: Jan | C26: Feb | D26: Grand Total
A27: Yes | B27: =IFERROR(B22/B$24,0) -> 0.14079422 | C27: =IFERROR(C22/C$24,0) -> 0.16143498 | D27: =IFERROR(D22/D$24,0) -> 0.15
A28: No | B28: =IFERROR(B23/B$24,0) -> 0.85920578 | C28: =IFERROR(C23/C$24,0) -> 0.83856502 | D28: =IFERROR(D23/D$24,0) -> 0.85
A29: Total | B29: =B27+B28 -> 1 | C29: =C27+C28 -> 1 | D29: =D27+D28 -> 1
A31: Note: trend & SLA tables respond to the Severity and Status filters but always show both months; the Month filter drives the donut, bar chart and alert count.

Sheet Data
A1: Timestamp | B1: Alert Type | C1: Severity | D1: Status | E1: Source IP | F1: Destination IP | G1: Threat Category | H1: Time to Triage (min) | I1: Time to Resolve (min) | J1: Month | K1: SLA Met | L1: In View (Sev+Status) | M1: In View (All Filters)
A2: 46023.152 | B2: Ransomware Activity Detected | C2: High | D2: In Progress | E2: 61.149.158.64 | F2: 10.95.231.155 | G2: Ransomware | H2: 13 | I2: 48 | J2: =CHOOSE(MONTH(A2),"Jan","Feb","Mar","Apr","May","Jun","Jul","Aug","Sep","Oct","Nov","Dec") -> Jan | K2: =IF(I2<=Calc!$B$2,"Yes","No") -> Yes | L2: =IF(AND(OR(Dashboard!$W$6="All",C2=Dashboard!$W$6),OR(Dashboard!$W$7="All",D2=Dashboard!$W$7)),1,0) -> 1 | M2: =L2*IF(OR(Dashboard!$W$8="All",J2=Dashboard!$W$8),1,0) -> 1
A3: 46023.164 | B3: Unusual PowerShell Execution | C3: High | D3: In Progress | E3: 10.100.225.201 | F3: 10.35.211.155 | G3: Execution | H3: 14 | I3: 121 | J3: =CHOOSE(MONTH(A3),"Jan","Feb","Mar","Apr","May","Jun","Jul","Aug","Sep","Oct","Nov","Dec") -> Jan | K3: =IF(I3<=Calc!$B$2,"Yes","No") -> No | L3: =IF(AND(OR(Dashboard!$W$6="All",C3=Dashboard!$W$6),OR(Dashboard!$W$7="All",D3=Dashboard!$W$7)),1,0) -> 1 | M3: =L3*IF(OR(Dashboard!$W$8="All",J3=Dashboard!$W$8),1,0) -> 1
A4: 46023.432 | B4: Unusual PowerShell Execution | C4: Medium | D4: In Progress | E4: 52.174.74.190 | F4: 10.32.8.91 | G4: Execution | H4: 19 | I4: 148 | J4: =CHOOSE(MONTH(A4),"Jan","Feb","Mar","Apr","May","Jun","Jul","Aug","Sep","Oct","Nov","Dec") -> Jan | K4: =IF(I4<=Calc!$B$2,"Yes","No") -> No | L4: =IF(AND(OR(Dashboard!$W$6="All",C4=Dashboard!$W$6),OR(Dashboard!$W$7="All",D4=Dashboard!$W$7)),1,0) -> 1 | M4: =L4*IF(OR(Dashboard!$W$8="All",J4=Dashboard!$W$8),1,0) -> 1
A5: 46023.663 | B5: Suspicious Phishing Email | C5: Low | D5: In Progress | E5: 10.120.150.61 | F5: 10.136.179.122 | G5: Phishing | H5: 6 | I5: 135 | J5: =CHOOSE(MONTH(A5),"Jan","Feb","Mar","Apr","May","Jun","Jul","Aug","Sep","Oct","Nov","Dec") -> Jan | K5: =IF(I5<=Calc!$B$2,"Yes","No") -> No | L5: =IF(AND(OR(Dashboard!$W$6="All",C5=Dashboard!$W$6),OR(Dashboard!$W$7="All",D5=Dashboard!$W$7)),1,0) -> 1 | M5: =L5*IF(OR(Dashboard!$W$8="All",J5=Dashboard!$W$8),1,0) -> 1
A6: 46023.698 | B6: Malware Download Detected | C6: Low | D6: Open | E6: 10.105.44.163 | F6: 80.222.239.68 | G6: Malware | H6: 25 | I6: 137 | J6: =CHOOSE(MONTH(A6),"Jan","Feb","Mar","Apr","May","Jun","Jul","Aug","Sep","Oct","Nov","Dec") -> Jan | K6: =IF(I6<=Calc!$B$2,"Yes","No") -> No | L6: =IF(AND(OR(Dashboard!$W$6="All",C6=Dashboard!$W$6),OR(Dashboard!$W$7="All",D6=Dashboard!$W$7)),1,0) -> 1 | M6: =L6*IF(OR(Dashboard!$W$8="All",J6=Dashboard!$W$8),1,0) -> 1
A7: 46023.701 | B7: Data Exfiltration Anomaly | C7: Medium | D7: False Positive | E7: 10.96.140.96 | F7: 10.223.204.103 | G7: Exfiltration | H7: 34 | I7: 115 | J7: =CHOOSE(MONTH(A7),"Jan","Feb","Mar","Apr","May","Jun","Jul","Aug","Sep","Oct","Nov","Dec") -> Jan | K7: =IF(I7<=Calc!$B$2,"Yes","No") -> No | L7: =IF(AND(OR(Dashboard!$W$6="All",C7=Dashboard!$W$6),OR(Dashboard!$W$7="All",D7=Dashboard!$W$7)),1,0) -> 1 | M7: =L7*IF(OR(Dashboard!$W$8="All",J7=Dashboard!$W$8),1,0) -> 1
A8: 46023.774 | B8: Data Exfiltration Anomaly | C8: High | D8: Resolved | E8: 10.149.75.243 | F8: 10.155.154.0 | G8: Exfiltration | H8: 9 | I8: 102 | J8: =CHOOSE(MONTH(A8),"Jan","Feb","Mar","Apr","May","Jun","Jul","Aug","Sep","Oct","Nov","Dec") -> Jan | K8: =IF(I8<=Calc!$B$2,"Yes","No") -> No | L8: =IF(AND(OR(Dashboard!$W$6="All",C8=Dashboard!$W$6),OR(Dashboard!$W$7="All",D8=Dashboard!$W$7)),1,0) -> 1 | M8: =L8*IF(OR(Dashboard!$W$8="All",J8=Dashboard!$W$8),1,0) -> 1
A9: 46023.783 | B9: Data Exfiltration Anomaly | C9: Low | D9: In Progress | E9: 209.46.14.182 | F9: 10.216.57.136 | G9: Exfiltration | H9: 19 | I9: 135 | J9: =CHOOSE(MONTH(A9),"Jan","Feb","Mar","Apr","May","Jun","Jul","Aug","Sep","Oct","Nov","Dec") -> Jan | K9: =IF(I9<=Calc!$B$2,"Yes","No") -> No | L9: =IF(AND(OR(Dashboard!$W$6="All",C9=Dashboard!$W$6),OR(Dashboard!$W$7="All",D9=Dashboard!$W$7)),1,0) -> 1 | M9: =L9*IF(OR(Dashboard!$W$8="All",J9=Dashboard!$W$8),1,0) -> 1
A10: 46023.809 | B10: Malware Download Detected | C10: Medium | D10: Resolved | E10: 10.138.233.49 | F10: 233.177.196.162 | G10: Malware | H10: 43 | I10: 177 | J10: =CHOOSE(MONTH(A10),"Jan","Feb","Mar","Apr","May","Jun","Jul","Aug","Sep","Oct","Nov","Dec") -> Jan | K10: =IF(I10<=Calc!$B$2,"Yes","No") -> No | L10: =IF(AND(OR(Dashboard!$W$6="All",C10=Dashboard!$W$6),OR(Dashboard!$W$7="All",D10=Dashboard!$W$7)),1,0) -> 1 | M10: =L10*IF(OR(Dashboard!$W$8="All",J10=Dashboard!$W$8),1,0) -> 1
A11: 46023.864 | B11: Malware Download Detected | C11: High | D11: Open | E11: 10.67.190.172 | F11: 153.228.112.77 | G11: Malware | H11: 32 | I11: 37 | J11: =CHOOSE(MONTH(A11),"Jan","Feb","Mar","Apr","May","Jun","Jul","Aug","Sep","Oct","Nov","Dec") -> Jan | K11: =IF(I11<=Calc!$B$2,"Yes","No") -> Yes | L11: =IF(AND(OR(Dashboard!$W$6="All",C11=Dashboard!$W$6),OR(Dashboard!$W$7="All",D11=Dashboard!$W$7)),1,0) -> 1 | M11: =L11*IF(OR(Dashboard!$W$8="All",J11=Dashboard!$W$8),1,0) -> 1
A12: 46023.903 | B12: Suspicious Phishing Email | C12: Medium | D12: False Positive | E12: 10.51.179.161 | F12: 69.29.56.255 | G12: Phishing | H12: 27 | I12: 127 | J12: =CHOOSE(MONTH(A12),"Jan","Feb","Mar","Apr","May","Jun","Jul","Aug","Sep","Oct","Nov","Dec") -> Jan | K12: =IF(I12<=Calc!$B$2,"Yes","No") -> No | L12: =IF(AND(OR(Dashboard!$W$6="All",C12=Dashboard!$W$6),OR(Dashboard!$W$7="All",D12=Dashboard!$W$7)),1,0) -> 1 | M12: =L12*IF(OR(Dashboard!$W$8="All",J12=Dashboard!$W$8),1,0) -> 1
A13: 46023.918 | B13: Ransomware Activity Detected | C13: Low | D13: False Positive | E13: 21.42.234.237 | F13: 10.222.41.103 | G13: Ransomware | H13: 21 | I13: 164 | J13: =CHOOSE(MONTH(A13),"Jan","Feb","Mar","Apr","May","Jun","Jul","Aug","Sep","Oct","Nov","Dec") -> Jan | K13: =IF(I13<=Calc!$B$2,"Yes","No") -> No | L13: =IF(AND(OR(Dashboard!$W$6="All",C13=Dashboard!$W$6),OR(Dashboard!$W$7="All",D13=Dashboard!$W$7)),1,0) -> 1 | M13: =L13*IF(OR(Dashboard!$W$8="All",J13=Dashboard!$W$8),1,0) -> 1
... A501: 46081.892 | B501: Brute Force Login Attempt | C501: Critical | D501: Open | E501: 10.224.23.22 | F501: 10.15.199.135 | G501: Credential Access | H501: 11 | I501: 115 | J501: =CHOOSE(MONTH(A501),"Jan","Feb","Mar","Apr","May","Jun","Jul","Aug","Sep","Oct","Nov","Dec") -> Feb | K501: =IF(I501<=Calc!$B$2,"Yes","No") -> No | L501: =IF(AND(OR(Dashboard!$W$6="All",C501=Dashboard!$W$6),OR(Dashboard!$W$7="All",D501=Dashboard!$W$7)),1,0) -> 1 | M501: =L501*IF(OR(Dashboard!$W$8="All",J501=Dashboard!$W$8),1,0) -> 1
